-- MEMBER 사용자
INSERT INTO MARKET."MEMBER"
(ID, PW, NAME, ROADADDR, ADDR, PHONE, SINGOUTDAY, SINGOUT)
VALUES('test01', 'test01', '사용자01', '경기 수원시 장안구 경수대로 748', '대한주택 302호', '01012345678','' ,'N');
INSERT INTO MARKET."MEMBER"
(ID, PW, NAME, ROADADDR, ADDR, PHONE, SINGOUTDAY, SINGOUT)
VALUES('test02', 'test02', '사용자02', '서울 금천구 범안로12길 29-14', '태성팰리스 403호', '01012345678','' ,'N');

-- SELLER 판매자 
INSERT INTO SELLER(SELLERID, SELLERPW, STORE, STOREPHONE, BEACONMAJOR)
VALUES('admin01', 'admin01', '가산디지털단지점', '01012345678', '113');
INSERT INTO SELLER(SELLERID, SELLERPW, STORE, STOREPHONE, BEACONMAJOR)
VALUES('admin02', 'admin02', '구로디지털단지점', '01078945612', '114');

-- 배송지 추가
CREATE SEQUENCE DNUM_SEQ START WITH 1 INCREMENT BY 1;
INSERT INTO MARKET.DELIVERYLIST
(DNUM, ID, ROADADDR, ADDR, ADDRFLAG)
VALUES(DNUM_SEQ.NEXTVAL, 'test01', '경기 수원시 장안구 경수대로 748', '대한주택 302호', 'Y');
INSERT INTO MARKET.DELIVERYLIST
(DNUM, ID, ROADADDR, ADDR, ADDRFLAG)
VALUES(DNUM_SEQ.NEXTVAL, 'test02', '서울 금천구 범안로12길 29-14', '태성팰리스 403호', 'Y');
INSERT INTO MARKET.DELIVERYLIST
(DNUM, ID, ROADADDR, ADDR)
VALUES(DNUM_SEQ.NEXTVAL, 'test01', '경기 수원시 장안구 경수대로 745', '대한주택 406호');

INSERT INTO MARKET.DELIVERYLIST
(DNUM, ID, ROADADDR, ADDR, ADDRFLAG)
VALUES(DNUM_SEQ.NEXTVAL, 'test01', '서울 금천구 범안로12길', '대한주택 206호', 'N');

--재고 관리
CREATE SEQUENCE INVENTORY_SEQ START WITH 1001 INCREMENT BY 1;

-- 대분류
INSERT INTO "LCATE" (LCODE, LNAME)
VALUES ('AA','식품');
INSERT INTO "LCATE" (LCODE, LNAME)
VALUES ('BB','생활');
-- 중분류
INSERT INTO "MCATE" (MCODE, LCODE, MNAME)
VALUES ('aa','AA','라면');
INSERT INTO "MCATE" (MCODE, LCODE, MNAME)
VALUES ('bb','AA','과자');

INSERT INTO "MCATE" (MCODE, LCODE, MNAME)
VALUES ('cc','BB','문구');
INSERT INTO "MCATE" (MCODE, LCODE, MNAME)
VALUES ('dd','BB','목욕용품');
-- 재고 식품 라면
INSERT INTO "INVENTORY" (ICODE, MCODE, INAME)
VALUES (INVENTORY_SEQ.NEXTVAL,'aa','신라면');
INSERT INTO "INVENTORY" (ICODE, MCODE, INAME)
VALUES (INVENTORY_SEQ.NEXTVAL,'aa','비빔면');
INSERT INTO "INVENTORY" (ICODE, MCODE, INAME)
VALUES (INVENTORY_SEQ.NEXTVAL,'aa','진라면');
-- 재고 식품 과자
INSERT INTO "INVENTORY" (ICODE, MCODE, INAME)
VALUES (INVENTORY_SEQ.NEXTVAL,'bb','맛동산');
INSERT INTO "INVENTORY" (ICODE, MCODE, INAME)
VALUES (INVENTORY_SEQ.NEXTVAL,'bb','빈츠');
INSERT INTO "INVENTORY" (ICODE, MCODE, INAME)
VALUES (INVENTORY_SEQ.NEXTVAL,'bb','몽쉘');

-- 재고 생활 문구
INSERT INTO "INVENTORY" (ICODE, MCODE, INAME)
VALUES (INVENTORY_SEQ.NEXTVAL,'cc','대한노트');
INSERT INTO "INVENTORY" (ICODE, MCODE, INAME)
VALUES (INVENTORY_SEQ.NEXTVAL,'cc','대한샤프');
INSERT INTO "INVENTORY" (ICODE, MCODE, INAME)
VALUES (INVENTORY_SEQ.NEXTVAL,'cc','대한샤프심');

-- 재고 생활 목욕
INSERT INTO "INVENTORY" (ICODE, MCODE, INAME)
VALUES (INVENTORY_SEQ.NEXTVAL,'dd','대한샴푸');
INSERT INTO "INVENTORY" (ICODE, MCODE, INAME)
VALUES (INVENTORY_SEQ.NEXTVAL,'dd','대한린스');
INSERT INTO "INVENTORY" (ICODE, MCODE, INAME)
VALUES (INVENTORY_SEQ.NEXTVAL,'dd','대한바디워시');
-----------재고가격
CREATE SEQUENCE INVENPRICE_SEQ START WITH 1001 INCREMENT BY 1;
INSERT INTO "INVENPRICE" (PSEQ, ICODE, IPRICE, OPRICE, CDATE)
VALUES (INVENPRICE_SEQ.NEXTVAL, '1001','600','1000',to_date(sysdate,'yyyy.mm.dd'));
INSERT INTO "INVENPRICE" (PSEQ, ICODE, IPRICE, OPRICE, CDATE)
VALUES (INVENPRICE_SEQ.NEXTVAL,'1002','400','1200',to_date('2020.12.10','yyyy.mm.dd'));
INSERT INTO "INVENPRICE" (PSEQ, ICODE, IPRICE, OPRICE, CDATE)
VALUES (INVENPRICE_SEQ.NEXTVAL,'1003','700','1500',to_date('2020.12.10','yyyy.mm.dd'));
INSERT INTO "INVENPRICE" (PSEQ, ICODE, IPRICE, OPRICE, CDATE)
VALUES (INVENPRICE_SEQ.NEXTVAL,'1004','1000','2000',to_date('2020.12.24','yyyy.mm.dd'));
INSERT INTO "INVENPRICE" (PSEQ, ICODE, IPRICE, OPRICE, CDATE)
VALUES (INVENPRICE_SEQ.NEXTVAL,'1005','500','1500',to_date('2020.12.10','yyyy.mm.dd'));
INSERT INTO "INVENPRICE" (PSEQ, ICODE, IPRICE, OPRICE, CDATE)
VALUES (INVENPRICE_SEQ.NEXTVAL,'1006','750','1350',SYSDATE);
INSERT INTO "INVENPRICE" (PSEQ, ICODE, IPRICE, OPRICE, CDATE)
VALUES (INVENPRICE_SEQ.NEXTVAL,'1007','2400','2700',to_date('2020.12.24','yyyy.mm.dd'));
INSERT INTO "INVENPRICE" (PSEQ, ICODE, IPRICE, OPRICE, CDATE)
VALUES (INVENPRICE_SEQ.NEXTVAL,'1008','1700','2000',SYSDATE);
INSERT INTO "INVENPRICE" (PSEQ, ICODE, IPRICE, OPRICE, CDATE)
VALUES (INVENPRICE_SEQ.NEXTVAL,'1009','3000','4500',SYSDATE);
INSERT INTO "INVENPRICE" (PSEQ, ICODE, IPRICE, OPRICE, CDATE)
VALUES (INVENPRICE_SEQ.NEXTVAL,'1010','2000','3600',to_date('2020.12.10','yyyy.mm.dd'));
INSERT INTO "INVENPRICE" (PSEQ, ICODE, IPRICE, OPRICE, CDATE)
VALUES (INVENPRICE_SEQ.NEXTVAL,'1011','1300','3100',to_date('2020.12.24','yyyy.mm.dd'));
INSERT INTO "INVENPRICE" (PSEQ, ICODE, IPRICE, OPRICE, CDATE)
VALUES (INVENPRICE_SEQ.NEXTVAL,'1012','3000','8000',SYSDATE);

CREATE SEQUENCE COUPON_SEQ START WITH 1 INCREMENT BY 1;
CREATE SEQUENCE COUPONBOX_SEQ START WITH 1 INCREMENT BY 1;
CREATE SEQUENCE COUPONDETAIL_SEQ START WITH 1 INCREMENT BY 1;

-- 쿠폰
INSERT INTO "COUPON" (CSEQ, SELLERID, COUPON, CDATE, CNOTIFY, CENABLE)
VALUES (COUPON_SEQ.NEXTVAL, 'admin01','1000', TO_CHAR(SYSDATE, 'YYYY-MM-DD'),'1000원 쿠폰입니다.','Y');
INSERT INTO "COUPON" (CSEQ, SELLERID, COUPON, CDATE, CNOTIFY, CENABLE)
VALUES (COUPON_SEQ.NEXTVAL, 'admin01','10', TO_CHAR(SYSDATE, 'YYYY-MM-DD'),'10프로 할인 쿠폰입니다.','Y');
INSERT INTO "COUPON" (CSEQ, SELLERID, COUPON, CDATE, CNOTIFY, CENABLE)
VALUES (COUPON_SEQ.NEXTVAL, 'admin01','2000', TO_DATE('2019-11-11', 'YYYY-MM-DD'),'2000원 쿠폰입니다.','N');
INSERT INTO "COUPON" (CSEQ, SELLERID, COUPON, CDATE, CNOTIFY, CENABLE)
VALUES (COUPON_SEQ.NEXTVAL, 'admin01','20', TO_DATE('2019-11-11', 'YYYY-MM-DD'),'20프로 할인 쿠폰입니다.','N');

INSERT INTO "COUPON" (CSEQ, SELLERID, COUPON, CDATE, CNOTIFY, CENABLE)
VALUES (COUPON_SEQ.NEXTVAL, 'admin02','3000', TO_CHAR(SYSDATE, 'YYYY-MM-DD'),'3000원 쿠폰입니다.','Y');
INSERT INTO "COUPON" (CSEQ, SELLERID, COUPON, CDATE, CNOTIFY, CENABLE)
VALUES (COUPON_SEQ.NEXTVAL, 'admin02','30', TO_CHAR(SYSDATE, 'YYYY-MM-DD'),'30프로 할인 쿠폰입니다.','Y');
INSERT INTO "COUPON" (CSEQ, SELLERID, COUPON, CDATE, CNOTIFY, CENABLE)
VALUES (COUPON_SEQ.NEXTVAL, 'admin02','4000', TO_DATE('2019-11-11', 'YYYY-MM-DD'),'4000원 쿠폰입니다.','N');
INSERT INTO "COUPON" (CSEQ, SELLERID, COUPON, CDATE, CNOTIFY, CENABLE)
VALUES (COUPON_SEQ.NEXTVAL, 'admin02','40', TO_DATE('2019-11-11', 'YYYY-MM-DD'),'40프로 할인 쿠폰입니다.','N');
-- 쿠폰 종류
INSERT INTO "COUPONDETAIL"
(CDSEQ, CSEQ, SELLERID, CDSTATE)
VALUES(COUPONDETAIL_SEQ.NEXTVAL, (SELECT CSEQ FROM "COUPON" WHERE CSEQ = '1'), (SELECT SELLERID FROM SELLER WHERE SELLERID  = 'admin01'), 'A');
INSERT INTO "COUPONDETAIL"
(CDSEQ, CSEQ, SELLERID, CDSTATE)
VALUES(COUPONDETAIL_SEQ.NEXTVAL, (SELECT CSEQ FROM "COUPON" WHERE CSEQ = '2'), (SELECT SELLERID FROM SELLER WHERE SELLERID  = 'admin01'), 'B');
INSERT INTO "COUPONDETAIL"
(CDSEQ, CSEQ, SELLERID, CDSTATE)
VALUES(COUPONDETAIL_SEQ.NEXTVAL, (SELECT CSEQ FROM "COUPON" WHERE CSEQ = '3'), (SELECT SELLERID FROM SELLER WHERE SELLERID  = 'admin01'), 'A');
INSERT INTO "COUPONDETAIL"
(CDSEQ, CSEQ, SELLERID, CDSTATE)
VALUES(COUPONDETAIL_SEQ.NEXTVAL, (SELECT CSEQ FROM "COUPON" WHERE CSEQ = '4'), (SELECT SELLERID FROM SELLER WHERE SELLERID  = 'admin01'), 'B');

INSERT INTO "COUPONDETAIL"
(CDSEQ, CSEQ, SELLERID, CDSTATE)
VALUES(COUPONDETAIL_SEQ.NEXTVAL, (SELECT CSEQ FROM "COUPON" WHERE CSEQ = '5'), (SELECT SELLERID FROM SELLER WHERE SELLERID  = 'admin02'), 'A');
INSERT INTO "COUPONDETAIL"
(CDSEQ, CSEQ, SELLERID, CDSTATE)
VALUES(COUPONDETAIL_SEQ.NEXTVAL, (SELECT CSEQ FROM "COUPON" WHERE CSEQ = '6'), (SELECT SELLERID FROM SELLER WHERE SELLERID  = 'admin02'), 'B');
INSERT INTO "COUPONDETAIL"
(CDSEQ, CSEQ, SELLERID, CDSTATE)
VALUES(COUPONDETAIL_SEQ.NEXTVAL, (SELECT CSEQ FROM "COUPON" WHERE CSEQ = '7'), (SELECT SELLERID FROM SELLER WHERE SELLERID  = 'admin02'), 'A');
INSERT INTO "COUPONDETAIL"
(CDSEQ, CSEQ, SELLERID, CDSTATE)
VALUES(COUPONDETAIL_SEQ.NEXTVAL, (SELECT CSEQ FROM "COUPON" WHERE CSEQ = '8'), (SELECT SELLERID FROM SELLER WHERE SELLERID  = 'admin02'), 'B');

-- 사용자 쿠폰 박스
INSERT INTO "COUPONBOX"
(CBSEQ, ID, CSEQ, SELLERID, CBDATE)
VALUES(COUPONBOX_SEQ.NEXTVAL, (SELECT ID FROM "MEMBER" WHERE ID = 'test01'), (SELECT CSEQ FROM "COUPON" WHERE CSEQ = '1' AND CENABLE = 'Y' ), (SELECT SELLERID FROM SELLER WHERE SELLERID  = 'admin01'), TO_CHAR(SYSDATE, 'YYYY-MM-DD'));
INSERT INTO "COUPONBOX"
(CBSEQ, ID, CSEQ, SELLERID, CBDATE)
VALUES(COUPONBOX_SEQ.NEXTVAL, (SELECT ID FROM "MEMBER" WHERE ID = 'test01'), (SELECT CSEQ FROM "COUPON" WHERE CSEQ = '2' AND CENABLE = 'Y'), (SELECT SELLERID FROM SELLER WHERE SELLERID  = 'admin01'), TO_CHAR(SYSDATE, 'YYYY-MM-DD'));
INSERT INTO "COUPONBOX"
(CBSEQ, ID, CSEQ, SELLERID, CBDATE)
VALUES(COUPONBOX_SEQ.NEXTVAL, (SELECT ID FROM "MEMBER" WHERE ID = 'test01'), (SELECT CSEQ FROM "COUPON" WHERE CSEQ = '5' AND CENABLE = 'Y'), (SELECT SELLERID FROM SELLER WHERE SELLERID  = 'admin02'), TO_CHAR(SYSDATE, 'YYYY-MM-DD'));
INSERT INTO "COUPONBOX"
(CBSEQ, ID, CSEQ, SELLERID, CBDATE)
VALUES(COUPONBOX_SEQ.NEXTVAL, (SELECT ID FROM "MEMBER" WHERE ID = 'test01'), (SELECT CSEQ FROM "COUPON" WHERE CSEQ = '6' AND CENABLE = 'Y'), (SELECT SELLERID FROM SELLER WHERE SELLERID  = 'admin02'), TO_CHAR(SYSDATE, 'YYYY-MM-DD'));
INSERT INTO "COUPONBOX"
(CBSEQ, ID, CSEQ, SELLERID, CBDATE)
VALUES(COUPONBOX_SEQ.NEXTVAL, (SELECT ID FROM "MEMBER" WHERE ID = 'test02'), (SELECT CSEQ FROM "COUPON" WHERE CSEQ = '1' AND CENABLE = 'Y' ), (SELECT SELLERID FROM SELLER WHERE SELLERID = 'admin01'), TO_CHAR(SYSDATE, 'YYYY-MM-DD'));
INSERT INTO "COUPONBOX"
(CBSEQ, ID, CSEQ, SELLERID, CBDATE)
VALUES(COUPONBOX_SEQ.NEXTVAL, (SELECT ID FROM "MEMBER" WHERE ID = 'test02'), (SELECT CSEQ FROM "COUPON" WHERE CSEQ = '2' AND CENABLE = 'Y'), (SELECT SELLERID FROM SELLER WHERE SELLERID  = 'admin01'), TO_CHAR(SYSDATE, 'YYYY-MM-DD'));
INSERT INTO "COUPONBOX"
(CBSEQ, ID, CSEQ, SELLERID, CBDATE)
VALUES(COUPONBOX_SEQ.NEXTVAL, (SELECT ID FROM "MEMBER" WHERE ID = 'test02'), (SELECT CSEQ FROM "COUPON" WHERE CSEQ = '5' AND CENABLE = 'Y'), (SELECT SELLERID FROM SELLER WHERE SELLERID  = 'admin02'), TO_CHAR(SYSDATE, 'YYYY-MM-DD'));
INSERT INTO "COUPONBOX"
(CBSEQ, ID, CSEQ, SELLERID, CBDATE)
VALUES(COUPONBOX_SEQ.NEXTVAL, (SELECT ID FROM "MEMBER" WHERE ID = 'test02'), (SELECT CSEQ FROM "COUPON" WHERE CSEQ = '6' AND CENABLE = 'Y'), (SELECT SELLERID FROM SELLER WHERE SELLERID  = 'admin02'), TO_CHAR(SYSDATE, 'YYYY-MM-DD'));

--재고가격 추가
INSERT INTO "INVENPRICE" (PSEQ, ICODE, IPRICE, OPRICE, CDATE)
VALUES (INVENPRICE_SEQ.NEXTVAL, '1001','700','9000',to_date(sysdate,'yyyy.mm.dd'));
INSERT INTO "INVENPRICE" (PSEQ, ICODE, IPRICE, OPRICE, CDATE)
VALUES (INVENPRICE_SEQ.NEXTVAL,'1002','400','1300',to_date('2020.11.16','yyyy.mm.dd'));
INSERT INTO "INVENPRICE" (PSEQ, ICODE, IPRICE, OPRICE, CDATE)
VALUES (INVENPRICE_SEQ.NEXTVAL,'1003','700','1600',to_date('2020.11.04','yyyy.mm.dd'));
INSERT INTO "INVENPRICE" (PSEQ, ICODE, IPRICE, OPRICE, CDATE)
VALUES (INVENPRICE_SEQ.NEXTVAL,'1004','1000','1500',to_date('2020.11.19','yyyy.mm.dd'));
INSERT INTO "INVENPRICE" (PSEQ, ICODE, IPRICE, OPRICE, CDATE)
VALUES (INVENPRICE_SEQ.NEXTVAL,'1005','500','1300',to_date('2020.11.13','yyyy.mm.dd'));
INSERT INTO "INVENPRICE" (PSEQ, ICODE, IPRICE, OPRICE, CDATE)
VALUES (INVENPRICE_SEQ.NEXTVAL,'1006','750','1250',to_date('2020.11.13','yyyy.mm.dd'));
INSERT INTO "INVENPRICE" (PSEQ, ICODE, IPRICE, OPRICE, CDATE)
VALUES (INVENPRICE_SEQ.NEXTVAL,'1007','2400','2500',to_date(sysdate,'yyyy.mm.dd'));
INSERT INTO "INVENPRICE" (PSEQ, ICODE, IPRICE, OPRICE, CDATE)
VALUES (INVENPRICE_SEQ.NEXTVAL,'1008','1600','1900',to_date('2020.11.20','yyyy.mm.dd'));
INSERT INTO "INVENPRICE" (PSEQ, ICODE, IPRICE, OPRICE, CDATE)
VALUES (INVENPRICE_SEQ.NEXTVAL,'1010','2000','3000',to_date('2020.10.10','yyyy.mm.dd'));
INSERT INTO "INVENPRICE" (PSEQ, ICODE, IPRICE, OPRICE, CDATE)
VALUES (INVENPRICE_SEQ.NEXTVAL,'1011','1200','3200',to_date('2020.10.14','yyyy.mm.dd'));
INSERT INTO "INVENPRICE" (PSEQ, ICODE, IPRICE, OPRICE, CDATE)
VALUES (INVENPRICE_SEQ.NEXTVAL,'1012','3000','4000',to_date('2020.10.24','yyyy.mm.dd'));

-- 마일리지
CREATE SEQUENCE MSEQ_SEQ START WITH 1;
INSERT INTO MARKET.MILEAGE
(MSEQ, ID, MMONEY, MDATE, MSTATE)
VALUES(MSEQ_SEQ.NEXTVAL, 'test01', 1000    , '2020-12-04', 'P');
INSERT INTO MARKET.MILEAGE
(MSEQ, ID, MMONEY, MDATE, MSTATE)
VALUES(MSEQ_SEQ.NEXTVAL, 'test01', 1500    , '2020-12-25', 'P');
INSERT INTO MARKET.MILEAGE
(MSEQ, ID, MMONEY, MDATE, MSTATE)
VALUES(MSEQ_SEQ.NEXTVAL, 'test01', 1300    , '2020-12-28', 'M');

CREATE SEQUENCE PRODUCT_SEQ START WITH 1001 INCREMENT BY 1;

-- admin01 판매자 재고
INSERT INTO PRODUCT (PCODE, SELLERID, ICODE, ROTNUM, PDATE, LIFETIME, STOCK, INAME, PSTATE)
VALUES(PRODUCT_SEQ.NEXTVAL, (SELECT SELLERID FROM SELLER s WHERE SELLERID = 'admin01'), (SELECT ICODE FROM INVENTORY i WHERE ICODE ='1001'),
(SELECT LCODE FROM MCATE WHERE MCODE = (SELECT MCODE FROM INVENTORY WHERE ICODE = '1001'))||(SELECT MCODE FROM INVENTORY WHERE ICODE = '1001')||'1001',
TO_DATE('2020/12/29', 'YYYY/MM/DD'), TO_DATE('2020/12/29', 'YYYY/MM/DD')+20, 6, (SELECT INAME FROM INVENTORY i WHERE ICODE ='1001'), 'C');

INSERT INTO PRODUCT (PCODE, SELLERID, ICODE, ROTNUM, PDATE, LIFETIME, STOCK, INAME, PSTATE)
VALUES(PRODUCT_SEQ.NEXTVAL, (SELECT SELLERID FROM SELLER s WHERE SELLERID = 'admin01'), (SELECT ICODE FROM INVENTORY i WHERE ICODE ='1002'),
(SELECT LCODE FROM MCATE WHERE MCODE = (SELECT MCODE FROM INVENTORY WHERE ICODE = '1002'))||(SELECT MCODE FROM INVENTORY WHERE ICODE = '1002')||'1002',
TO_DATE('2020/12/29', 'YYYY/MM/DD'), TO_DATE('2020/12/29', 'YYYY/MM/DD')+20, 6, (SELECT INAME FROM INVENTORY i WHERE ICODE ='1002'), 'C');

INSERT INTO PRODUCT (PCODE, SELLERID, ICODE, ROTNUM, PDATE, LIFETIME, STOCK, INAME, PSTATE)
VALUES(PRODUCT_SEQ.NEXTVAL, (SELECT SELLERID FROM SELLER s WHERE SELLERID = 'admin01'), (SELECT ICODE FROM INVENTORY i WHERE ICODE ='1004'),
(SELECT LCODE FROM MCATE WHERE MCODE = (SELECT MCODE FROM INVENTORY WHERE ICODE = '1004'))||(SELECT MCODE FROM INVENTORY WHERE ICODE = '1004')||'1004',
TO_DATE('2020/12/29', 'YYYY/MM/DD'), TO_DATE('2020/12/29', 'YYYY/MM/DD')+20, 6, (SELECT INAME FROM INVENTORY i WHERE ICODE ='1004'), 'C');

INSERT INTO PRODUCT (PCODE, SELLERID, ICODE, ROTNUM, PDATE, LIFETIME, STOCK, INAME, PSTATE)
VALUES(PRODUCT_SEQ.NEXTVAL, (SELECT SELLERID FROM SELLER s WHERE SELLERID = 'admin01'), (SELECT ICODE FROM INVENTORY i WHERE ICODE ='1005'),
(SELECT LCODE FROM MCATE WHERE MCODE = (SELECT MCODE FROM INVENTORY WHERE ICODE = '1005'))||(SELECT MCODE FROM INVENTORY WHERE ICODE = '1005')||'1005',
TO_DATE('2020/12/25', 'YYYY/MM/DD'), TO_DATE('2020/12/25', 'YYYY/MM/DD')+20, 6, (SELECT INAME FROM INVENTORY i WHERE ICODE ='1005'), 'C');

INSERT INTO PRODUCT (PCODE, SELLERID, ICODE, ROTNUM, PDATE, LIFETIME, STOCK, INAME, PSTATE)
VALUES(PRODUCT_SEQ.NEXTVAL, (SELECT SELLERID FROM SELLER s WHERE SELLERID = 'admin01'), (SELECT ICODE FROM INVENTORY i WHERE ICODE ='1001'),
(SELECT LCODE FROM MCATE WHERE MCODE = (SELECT MCODE FROM INVENTORY WHERE ICODE = '1001'))||(SELECT MCODE FROM INVENTORY WHERE ICODE = '1001')||'1001',
TO_DATE('2020/12/29', 'YYYY/MM/DD'), TO_DATE('2020/12/29', 'YYYY/MM/DD')+7, 4, (SELECT INAME FROM INVENTORY i WHERE ICODE ='1001'), 'C');

INSERT INTO PRODUCT (PCODE, SELLERID, ICODE, ROTNUM, PDATE, LIFETIME, STOCK, INAME, PSTATE)
VALUES(PRODUCT_SEQ.NEXTVAL, (SELECT SELLERID FROM SELLER s WHERE SELLERID = 'admin01'), (SELECT ICODE FROM INVENTORY i WHERE ICODE ='1002'), 
(SELECT LCODE FROM MCATE WHERE MCODE = (SELECT MCODE FROM INVENTORY WHERE ICODE = '1002'))||(SELECT MCODE FROM INVENTORY WHERE ICODE = '1002')||'1002',
TO_DATE('2020/12/29', 'YYYY/MM/DD'), TO_DATE('2021/03/20', 'YYYY/MM/DD')+7, 4, (SELECT INAME FROM INVENTORY i WHERE ICODE ='1002'), 'D');

INSERT INTO PRODUCT (PCODE, SELLERID, ICODE, ROTNUM, PDATE, LIFETIME, STOCK, INAME, PSTATE)
VALUES(PRODUCT_SEQ.NEXTVAL, (SELECT SELLERID FROM SELLER s WHERE SELLERID = 'admin01'), (SELECT ICODE FROM INVENTORY i WHERE ICODE ='1003'),
(SELECT LCODE FROM MCATE WHERE MCODE = (SELECT MCODE FROM INVENTORY WHERE ICODE = '1003'))||(SELECT MCODE FROM INVENTORY WHERE ICODE = '1003')||'1003',
SYSDATE, SYSDATE+7, 4, (SELECT INAME FROM INVENTORY i WHERE ICODE ='1003'), 'R');

INSERT INTO PRODUCT (PCODE, SELLERID, ICODE, ROTNUM, PDATE, LIFETIME, STOCK, INAME, PSTATE)
VALUES(PRODUCT_SEQ.NEXTVAL, (SELECT SELLERID FROM SELLER s WHERE SELLERID = 'admin01'), (SELECT ICODE FROM INVENTORY i WHERE ICODE ='1004'),
(SELECT LCODE FROM MCATE WHERE MCODE = (SELECT MCODE FROM INVENTORY WHERE ICODE = '1004'))||(SELECT MCODE FROM INVENTORY WHERE ICODE = '1004')||'1004',
TO_DATE('2020/12/20', 'YYYY/MM/DD'), TO_DATE('2021/02/17', 'YYYY/MM/DD')+11, 9, (SELECT INAME FROM INVENTORY i WHERE ICODE ='1004'), 'S');

INSERT INTO PRODUCT (PCODE, SELLERID, ICODE, ROTNUM, PDATE, LIFETIME, STOCK, INAME, PSTATE)
VALUES(PRODUCT_SEQ.NEXTVAL, (SELECT SELLERID FROM SELLER s WHERE SELLERID = 'admin01'), (SELECT ICODE FROM INVENTORY i WHERE ICODE ='1005'),
(SELECT LCODE FROM MCATE WHERE MCODE = (SELECT MCODE FROM INVENTORY WHERE ICODE = '1005'))||(SELECT MCODE FROM INVENTORY WHERE ICODE = '1005')||'1005',
TO_DATE('2020/12/23', 'YYYY/MM/DD'), TO_DATE('2021/01/21', 'YYYY/MM/DD')+10, 11, (SELECT INAME FROM INVENTORY i WHERE ICODE ='1004'), 'C');

INSERT INTO PRODUCT (PCODE, SELLERID, ICODE, ROTNUM, PDATE, LIFETIME, STOCK, INAME, PSTATE)
VALUES(PRODUCT_SEQ.NEXTVAL, (SELECT SELLERID FROM SELLER s WHERE SELLERID = 'admin01'), (SELECT ICODE FROM INVENTORY i WHERE ICODE ='1006'),
(SELECT LCODE FROM MCATE WHERE MCODE = (SELECT MCODE FROM INVENTORY WHERE ICODE = '1006'))||(SELECT MCODE FROM INVENTORY WHERE ICODE = '1006')||'1006',
SYSDATE, SYSDATE+7, 3, (SELECT INAME FROM INVENTORY i WHERE ICODE ='1006'), 'D');

INSERT INTO PRODUCT (PCODE, SELLERID, ICODE, ROTNUM, PDATE, LIFETIME, STOCK, INAME, PSTATE)
VALUES(PRODUCT_SEQ.NEXTVAL, (SELECT SELLERID FROM SELLER s WHERE SELLERID = 'admin01'), (SELECT ICODE FROM INVENTORY i WHERE ICODE ='1007'), 
(SELECT LCODE FROM MCATE WHERE MCODE = (SELECT MCODE FROM INVENTORY WHERE ICODE = '1007'))||(SELECT MCODE FROM INVENTORY WHERE ICODE = '1007')||'1007',
TO_DATE('2020/12/25', 'YYYY/MM/DD'), TO_DATE('2021/03/01', 'YYYY/MM/DD')+5, 10, (SELECT INAME FROM INVENTORY i WHERE ICODE ='1007'), 'R');

INSERT INTO PRODUCT (PCODE, SELLERID, ICODE, ROTNUM, PDATE, LIFETIME, STOCK, INAME, PSTATE)
VALUES(PRODUCT_SEQ.NEXTVAL, (SELECT SELLERID FROM SELLER s WHERE SELLERID = 'admin01'), (SELECT ICODE FROM INVENTORY i WHERE ICODE ='1008'),
(SELECT LCODE FROM MCATE WHERE MCODE = (SELECT MCODE FROM INVENTORY WHERE ICODE = '1008'))||(SELECT MCODE FROM INVENTORY WHERE ICODE = '1008')||'1008',
SYSDATE, SYSDATE+7, 8, (SELECT INAME FROM INVENTORY i WHERE ICODE ='1008'), 'S');

INSERT INTO PRODUCT (PCODE, SELLERID, ICODE, ROTNUM, PDATE, LIFETIME, STOCK, INAME, PSTATE)
VALUES(PRODUCT_SEQ.NEXTVAL, (SELECT SELLERID FROM SELLER s WHERE SELLERID = 'admin01'), (SELECT ICODE FROM INVENTORY i WHERE ICODE ='1009'),
(SELECT LCODE FROM MCATE WHERE MCODE = (SELECT MCODE FROM INVENTORY WHERE ICODE = '1009'))||(SELECT MCODE FROM INVENTORY WHERE ICODE = '1009')||'1009', 
SYSDATE, SYSDATE+7, 13, (SELECT INAME FROM INVENTORY i WHERE ICODE ='1009'), 'C');

INSERT INTO PRODUCT (PCODE, SELLERID, ICODE, ROTNUM, PDATE, LIFETIME, STOCK, INAME, PSTATE)
VALUES(PRODUCT_SEQ.NEXTVAL, (SELECT SELLERID FROM SELLER s WHERE SELLERID = 'admin01'), (SELECT ICODE FROM INVENTORY i WHERE ICODE ='1010'),
(SELECT LCODE FROM MCATE WHERE MCODE = (SELECT MCODE FROM INVENTORY WHERE ICODE = '1010'))||(SELECT MCODE FROM INVENTORY WHERE ICODE = '1010')||'1010',
TO_DATE('2020/11/11', 'YYYY/MM/DD'), TO_DATE('2021/02/14', 'YYYY/MM/DD')+7, 11, (SELECT INAME FROM INVENTORY i WHERE ICODE ='1010'), 'D');

INSERT INTO PRODUCT (PCODE, SELLERID, ICODE, ROTNUM, PDATE, LIFETIME, STOCK, INAME, PSTATE)
VALUES(PRODUCT_SEQ.NEXTVAL, (SELECT SELLERID FROM SELLER s WHERE SELLERID = 'admin01'), (SELECT ICODE FROM INVENTORY i WHERE ICODE ='1011'), 
(SELECT LCODE FROM MCATE WHERE MCODE = (SELECT MCODE FROM INVENTORY WHERE ICODE = '1011'))||(SELECT MCODE FROM INVENTORY WHERE ICODE = '1011')||'1011',
SYSDATE, SYSDATE+7, 7, (SELECT INAME FROM INVENTORY i WHERE ICODE ='1011'), 'R');

INSERT INTO PRODUCT (PCODE, SELLERID, ICODE, ROTNUM, PDATE, LIFETIME, STOCK, INAME, PSTATE)
VALUES(PRODUCT_SEQ.NEXTVAL, (SELECT SELLERID FROM SELLER s WHERE SELLERID = 'admin01'), (SELECT ICODE FROM INVENTORY i WHERE ICODE ='1012'),
(SELECT LCODE FROM MCATE WHERE MCODE = (SELECT MCODE FROM INVENTORY WHERE ICODE = '1012'))||(SELECT MCODE FROM INVENTORY WHERE ICODE = '1012')||'1012',
SYSDATE, SYSDATE+7, 1, (SELECT INAME FROM INVENTORY i WHERE ICODE ='1012'), 'S');

INSERT INTO PRODUCT (PCODE, SELLERID, ICODE, ROTNUM, PDATE, LIFETIME, STOCK, INAME, PSTATE)
VALUES(PRODUCT_SEQ.NEXTVAL, (SELECT SELLERID FROM SELLER s WHERE SELLERID = 'admin01'), (SELECT ICODE FROM INVENTORY i WHERE ICODE ='1010'), 
(SELECT LCODE FROM MCATE WHERE MCODE = (SELECT MCODE FROM INVENTORY WHERE ICODE = '1010'))||(SELECT MCODE FROM INVENTORY WHERE ICODE = '1010')||'1010',
SYSDATE, SYSDATE+7, 1, (SELECT INAME FROM INVENTORY i WHERE ICODE ='1010'), 'C');

INSERT INTO PRODUCT (PCODE, SELLERID, ICODE, ROTNUM, PDATE, LIFETIME, STOCK, INAME, PSTATE)
VALUES(PRODUCT_SEQ.NEXTVAL, (SELECT SELLERID FROM SELLER s WHERE SELLERID = 'admin01'), (SELECT ICODE FROM INVENTORY i WHERE ICODE ='1006'), 
(SELECT LCODE FROM MCATE WHERE MCODE = (SELECT MCODE FROM INVENTORY WHERE ICODE = '1006'))||(SELECT MCODE FROM INVENTORY WHERE ICODE = '1006')||'1006',
TO_DATE('2020/12/25', 'YYYY/MM/DD'), TO_DATE('2021/03/01', 'YYYY/MM/DD')+5, 10, (SELECT INAME FROM INVENTORY i WHERE ICODE ='1006'), 'C');

-- admin02 판매자 재고
INSERT INTO PRODUCT (PCODE, SELLERID, ICODE, ROTNUM, PDATE, LIFETIME, STOCK, INAME, PSTATE)
VALUES(PRODUCT_SEQ.NEXTVAL, (SELECT SELLERID FROM SELLER s WHERE SELLERID = 'admin02'), (SELECT ICODE FROM INVENTORY i WHERE ICODE ='1001'),
(SELECT LCODE FROM MCATE WHERE MCODE = (SELECT MCODE FROM INVENTORY WHERE ICODE = '1001'))||(SELECT MCODE FROM INVENTORY WHERE ICODE = '1001')||'1001',
TO_DATE('2020/12/25', 'YYYY/MM/DD'), TO_DATE('2020/12/25', 'YYYY/MM/DD')+7, 10, (SELECT INAME FROM INVENTORY i WHERE ICODE ='1001'), 'C');

INSERT INTO PRODUCT (PCODE, SELLERID, ICODE, ROTNUM, PDATE, LIFETIME, STOCK, INAME, PSTATE)
VALUES(PRODUCT_SEQ.NEXTVAL, (SELECT SELLERID FROM SELLER s WHERE SELLERID = 'admin02'), (SELECT ICODE FROM INVENTORY i WHERE ICODE ='1001'), 
(SELECT LCODE FROM MCATE WHERE MCODE = (SELECT MCODE FROM INVENTORY WHERE ICODE = '1001'))||(SELECT MCODE FROM INVENTORY WHERE ICODE = '1001')||'1001',
SYSDATE, SYSDATE+7, 10, (SELECT INAME FROM INVENTORY i WHERE ICODE ='1001'), 'C');

-- 주문 
CREATE SEQUENCE ONUM_SEQ START WITH 1;

INSERT INTO MARKET."ORDER"
(ONUM, ID, STORE, ODATE, DELIVERYSELECT, OSTATE)
VALUES(ONUM_SEQ.NEXTVAL, 'test01', (SELECT STORE FROM SELLER s WHERE STORE='가산디지털단지점'), '2020-12-04',  'N'	, 'B');

CREATE SEQUENCE ODNUM_SEQ START WITH 1;

INSERT INTO MARKET.ORDERDETAIL
(ODNUM, ICODE, ONUM, ODSTOCK, OPRICE, STORE)
VALUES(ODNUM_SEQ.NEXTVAL, (SELECT DISTINCT ICODE FROM INVENPRICE i2 WHERE ICODE ='1004'), (SELECT ONUM FROM "ORDER" o  WHERE ONUM ='2'), 3, 
(SELECT OPRICE FROM INVENPRICE i2 WHERE ICODE ='1004' AND CDATE = (SELECT MAX(CDATE) FROM INVENPRICE i WHERE ICODE = '1004' GROUP BY ICODE)),
(SELECT STORE FROM SELLER s WHERE STORE='가산디지털단지점'));

INSERT INTO MARKET.ORDERDETAIL
(ODNUM, ICODE, ONUM, ODSTOCK, OPRICE, STORE)
VALUES(ODNUM_SEQ.NEXTVAL, (SELECT DISTINCT ICODE FROM INVENPRICE i2 WHERE ICODE ='1005'), (SELECT ONUM FROM "ORDER" o  WHERE ONUM ='2'), 2, 
(SELECT OPRICE FROM INVENPRICE i2 WHERE ICODE ='1005' AND CDATE = (SELECT MAX(CDATE) FROM INVENPRICE i WHERE ICODE = '1005' GROUP BY ICODE)),
(SELECT STORE FROM SELLER s WHERE STORE='가산디지털단지점'));


INSERT INTO MARKET."ORDER"
(ONUM, ID, STORE, ODATE, ROADADDR,ADDR, DELIVERYSELECT, OSTATE)
VALUES(ONUM_SEQ.NEXTVAL, 'test01', (SELECT STORE FROM SELLER s WHERE STORE='가산디지털단지점'), SYSDATE, 
(SELECT ROADADDR FROM DELIVERYLIST d WHERE ID='test01' AND ADDRFLAG ='Y'),
(SELECT ADDR FROM DELIVERYLIST d WHERE ID='test01' AND ADDRFLAG ='Y'), 
'Y', 'D');


INSERT INTO MARKET.ORDERDETAIL
(ODNUM, ICODE, ONUM, ODSTOCK, OPRICE, STORE)
VALUES(ODNUM_SEQ.NEXTVAL, (SELECT DISTINCT ICODE FROM INVENPRICE i2 WHERE ICODE ='1003'), (SELECT ONUM FROM "ORDER" o  WHERE ONUM ='3'), 1, 
(SELECT OPRICE FROM INVENPRICE i2 WHERE ICODE ='1003' AND CDATE = (SELECT MAX(CDATE) FROM INVENPRICE i WHERE ICODE = '1003' GROUP BY ICODE)),
(SELECT STORE FROM SELLER s WHERE STORE='가산디지털단지점'));

INSERT INTO MARKET.ORDERDETAIL
(ODNUM, ICODE, ONUM, ODSTOCK, OPRICE, STORE)
VALUES(ODNUM_SEQ.NEXTVAL, (SELECT DISTINCT ICODE FROM INVENPRICE i2 WHERE ICODE ='1008'), (SELECT ONUM FROM "ORDER" o  WHERE ONUM ='3'), 2, 
(SELECT OPRICE FROM INVENPRICE i2 WHERE ICODE ='1008' AND CDATE = (SELECT MAX(CDATE) FROM INVENPRICE i WHERE ICODE = '1008' GROUP BY ICODE)),
(SELECT STORE FROM SELLER s WHERE STORE='가산디지털단지점'));


INSERT INTO MARKET."ORDER"
(ONUM, ID, STORE, ODATE, ROADADDR,ADDR, DELIVERYSELECT, OSTATE)
VALUES(ONUM_SEQ.NEXTVAL, 'test01', (SELECT STORE FROM SELLER s WHERE STORE='가산디지털단지점'), SYSDATE, 
(SELECT ROADADDR FROM DELIVERYLIST d WHERE ID='test01' AND ADDRFLAG ='N' AND ADDR='대한주택 406호'),
(SELECT ADDR FROM DELIVERYLIST d WHERE ID='test01' AND ADDRFLAG ='N' AND ADDR='대한주택 406호'), 
'Y', 'D');

SELECT ADDR FROM DELIVERYLIST d WHERE ID='test01' AND ADDRFLAG ='N' AND ADDR='대한주택 406호';


INSERT INTO MARKET.ORDERDETAIL
(ODNUM, ICODE, ONUM, ODSTOCK, OPRICE, STORE)
VALUES(ODNUM_SEQ.NEXTVAL, (SELECT DISTINCT ICODE FROM INVENPRICE i2 WHERE ICODE ='1002'), (SELECT ONUM FROM "ORDER" o  WHERE ONUM ='4'), 1, 
(SELECT OPRICE FROM INVENPRICE i2 WHERE ICODE ='1002' AND CDATE = (SELECT MAX(CDATE) FROM INVENPRICE i WHERE ICODE = '1002' GROUP BY ICODE)),
(SELECT STORE FROM SELLER s WHERE STORE='가산디지털단지점'));

INSERT INTO MARKET.ORDERDETAIL
(ODNUM, ICODE, ONUM, ODSTOCK, OPRICE, STORE)
VALUES(ODNUM_SEQ.NEXTVAL, (SELECT DISTINCT ICODE FROM INVENPRICE i2 WHERE ICODE ='1007'), (SELECT ONUM FROM "ORDER" o  WHERE ONUM ='4'), 2, 
(SELECT OPRICE FROM INVENPRICE i2 WHERE ICODE ='1007' AND CDATE = (SELECT MAX(CDATE) FROM INVENPRICE i WHERE ICODE = '1007' GROUP BY ICODE)),
(SELECT STORE FROM SELLER s WHERE STORE='가산디지털단지점'));

INSERT INTO MARKET.ORDERDETAIL
(ODNUM, ICODE, ONUM, ODSTOCK, OPRICE, STORE)
VALUES(ODNUM_SEQ.NEXTVAL, (SELECT DISTINCT ICODE FROM INVENPRICE i2 WHERE ICODE ='1002'), (SELECT ONUM FROM "ORDER" o  WHERE ONUM ='5'), 1, 
(SELECT OPRICE FROM INVENPRICE i2 WHERE ICODE ='1002' AND CDATE = (SELECT MAX(CDATE) FROM INVENPRICE i WHERE ICODE = '1002' GROUP BY ICODE)),
(SELECT STORE FROM SELLER s WHERE STORE='가산디지털단지점'));

INSERT INTO MARKET.ORDERDETAIL
(ODNUM, ICODE, ONUM, ODSTOCK, OPRICE, STORE)
VALUES(ODNUM_SEQ.NEXTVAL, (SELECT DISTINCT ICODE FROM INVENPRICE i2 WHERE ICODE ='1007'), (SELECT ONUM FROM "ORDER" o  WHERE ONUM ='7'), 2, 
(SELECT OPRICE FROM INVENPRICE i2 WHERE ICODE ='1007' AND CDATE = (SELECT MAX(CDATE) FROM INVENPRICE i WHERE ICODE = '1007' GROUP BY ICODE)),
(SELECT STORE FROM SELLER s WHERE STORE='가산디지털단지점'));

ALTER TABLE DELIVERYLIST ADD DNAME VARCHAR2(50) DEFAULT 'test01' NOT NULL;

SELECT * FROM DELIVERYLIST d ;

UPDATE DELIVERYLIST SET DNAME = 'test02' WHERE DNUM ='2';
